DG298,DHdd,DSdd_cal,RSS,k298,LWA0_600,LWB0_600,LWA0_800,LWB0_800,kex_285K,pB_285K,kex_288K,pB_288K,kex_291K,pB_291K,kex_293K,pB_293K,kex_296K,pB_296K,kex_298K,pB_298K,kex_303K,pB_303K,kex_308K,pB_308K,kex_313K,pB_313K,kex_315K,pB_315K
14.5,9.667109536163782,-16.217753234349725,998.8656982902854,144.25619647979633,50.30140782786008,57.24345800847515,101.30283735998195,104.93472058761387,65.52060890940344,0.33544238865178594,79.09410601318638,0.34182701831408635,95.11982804541961,0.3481360786666151,107.35022061905075,0.352299594097989,128.32380791616342,0.3584803915548339,144.25619647979633,0.36255760005408805,192.02196035443438,0.37259764284448854,253.3090266165338,0.3824175266697135,331.2986136253123,0.3920161185028108,367.9950393767734,0.3957935208727366
14.51,9.68209583546306,-16.201020686365567,952.6650171700184,141.84066111782334,50.370456491714975,56.98631052315041,101.50603220589544,105.03522430541624,64.34915839181436,0.33544238865178594,77.70138768848366,0.34182701831408635,93.47015194862557,0.3481360786666151,105.50709340946375,0.352299594097989,126.15348361624824,0.3584803915548339,141.84066111782334,0.36255760005408805,188.88546119773764,0.37259764284448854,249.27215695460708,0.3824175266697135,326.1464019207492,0.3920161185028108,362.32756442358107,0.3957935208727366
14.52,9.698614978267154,-16.17914436823103,908.4264757362529,139.4655733153133,50.45448966419072,56.77992745515537,101.71352431324132,105.15242388258494,63.19119099374364,0.33544238865178594,76.32633261521906,0.34182701831408635,91.84336760964032,0.3481360786666151,103.69103111221402,0.352299594097989,124.01769671299733,0.3584803915548339,139.4655733153133,0.36255760005408805,185.80813017989627,0.37259764284448854,245.3202369575625,0.3824175266697135,321.11414586154444,0.3920161185028108,356.7972128365509,0.3957935208727366
14.53,9.716617706305735,-16.152289576155248,866.081310245789,137.13025578759735,50.551925115023955,56.61893913321056,101.92472658803976,105.28472893221797,62.0469704671514,0.33544238865178594,74.96908971037128,0.34182701831408635,90.23945798679208,0.3481360786666151,101.90187156381675,0.352299594097989,121.91600508071272,0.3584803915548339,137.13025578759735,0.36255760005408805,182.78849168162208,0.37259764284448854,241.45060876809808,0.3824175266697135,316.197495233081,0.3920161185028108,351.39878075698175,0.3957935208727366
14.54,9.736082013528227,-16.12053015594554,825.5626598625988,134.83404259097577,50.6613276794564,56.4986045582682,102.13908203845276,105.43067015651322,60.91661027930401,0.33544238865178594,73.62967125907386,0.34182701831408635,88.65829448049293,0.3481360786666151,100.13936572418588,0.352299594097989,119.84793155788256,0.3584803915548339,134.83404259097577,0.36255760005408805,179.82525020310584,0.37259764284448854,237.66106302264598,0.3824175266697135,311.39295380412756,0.3920161185028108,346.12812921092177,0.3957935208727366
14.549999999999999,9.756980753260999,-16.083957203822145,786.8055632348803,132.57627893281807,50.781416640546766,56.41474828082005,102.35608940940547,105.58891457239605,59.800235147286415,0.33544238865178594,72.3081014086959,0.34182701831408635,87.09976067973392,0.3481360786666151,98.40327674489542,0.352299594097989,117.81301075864982,0.3584803915548339,132.57627893281807,0.36255760005408805,176.91711822356476,0.37259764284448854,233.94939203975676,0.3824175266697135,306.6970163392071,0.3920161185028108,340.9811043750076,0.3957935208727366
14.559999999999999,9.77929405276251,-16.042637406837212,749.7469465385757,130.3563209848358,50.91103593056069,56.36366672357004,102.57528686655463,105.75824183937226,58.69792304769596,0.33544238865178594,71.00436283242296,0.34182701831408635,85.56370786686195,0.3481360786666151,96.69334429404134,0.352299594097989,115.81077207959711,0.3584803915548339,130.3563209848358,0.36255760005408805,174.0628775144667,0.37259764284448854,230.31354940073007,0.3824175266697135,302.10647711384854,0.3920161185028108,335.95392367273956,0.3957935208727366
14.569999999999999,9.803008215888486,-15.996616725206417,714.3256050263805,128.17353569949378,51.04913970882213,56.34206542003001,102.79624668850985,105.93752840602413,57.60971351464437,0.33544238865178594,69.71840432270919,0.34182701831408635,84.04996130003933,0.3481360786666151,95.00928954258109,0.352299594097989,113.84074195827458,0.3584803915548339,128.17353569949378,0.36255760005408805,171.26137007116563,0.37259764284448854,226.75162677881116,0.3824175266697135,297.61838549604136,0.3920161185028108,331.04312032968465,0.3957935208727366
14.579999999999998,9.828111172222773,-15.945935663681965,680.4821792011535,126.02730062948349,51.19478016396157,56.347000608057364,103.01857871096826,106.12574755819473,56.53563031543392,0.33544238865178594,68.45016164014324,0.34182701831408635,82.55833757540788,0.3481360786666151,93.35082904057617,0.352299594097989,111.90245035397902,0.3584803915548339,126.02730062948349,0.36255760005408805,168.51147352085292,0.37259764284448854,223.26179027937317,0.3824175266697135,293.229923001099,0.3920161185028108,326.2453895244604,0.3957935208727366
14.589999999999998,9.854594717288272,-15.890621754066196,648.1591266121786,123.91700375022889,51.347100958491296,56.375847754398066,103.24192350903776,106.32195535285864,55.475672778020545,0.33544238865178594,67.19954950397359,0.34182701831408635,81.08863790364437,0.3481360786666151,91.71766928805775,0.352299594097989,109.99542807712365,0.3584803915548339,123.91700375022889,0.36255760005408805,165.81211011859608,0.37259764284448854,219.84230418542344,0.3824175266697135,288.93844951366486,0.3920161185028108,321.557646359247,0.3957935208727366
14.599999999999998,9.883104701898802,-15.828507711748982,617.3006912353452,121.84204328535708,51.50456300579587,56.42509100233149,103.46527381359543,106.52433092705105,54.42709169821651,0.33544238865178594,65.96394839529395,0.34182701831408635,79.63854603484953,0.3481360786666151,90.10781942607308,0.352299594097989,108.11840507651321,0.3584803915548339,121.84204328535708,0.36255760005408805,163.16520080449592,0.37259764284448854,216.49924332704927,0.3824175266697135,284.7564763227749,0.3920161185028108,316.9957966768469,0.3957935208727366
14.609999999999998,9.91227420274184,-15.76418052771194,587.852864637374,119.80182753509611,51.66805549758842,56.49505030730604,103.6897502734714,106.73408226822674,53.395617946413026,0.33544238865178594,64.74856246702073,0.34182701831408635,78.21229054060461,0.3481360786666151,88.52454359589925,0.352299594097989,106.27261293704568,0.3584803915548339,119.80182753509611,0.36255760005408805,160.56349568802878,0.37259764284448854,213.21472863652042,0.3824175266697135,280.65000968458025,0.3920161185028108,312.5174477304376,0.3957935208727366
14.619999999999997,9.942832537200557,-15.695192828186041,559.7633565609342,117.79577470754576,51.83606832550761,56.58249305119137,103.91430255690084,106.94939033543362,52.37808860859057,0.33544238865178594,63.550394742490106,0.34182701831408635,76.80724479715492,0.3481360786666151,86.96560679045275,0.352299594097989,104.45667680123168,0.3584803915548339,117.79577470754576,0.36255760005408805,158.0093902807806,0.37259764284448854,209.99603288196994,0.3824175266697135,276.6338521623094,0.3920161185028108,308.1413653731758,0.3957935208727366
14.629999999999997,9.974795235613767,-15.62149249794037,532.9815517377624,115.82331275277024,52.00799432538602,56.6856675561303,104.13865842920407,107.16955478199463,51.37439211582216,0.33544238865178594,62.36926313281167,0.34182701831408635,75.4231373042754,0.3481360786666151,85.43066584191625,0.352299594097989,102.67012537056107,0.3584803915548339,115.82331275277024,0.36255760005408805,155.50199858049464,0.37259764284448854,206.84185208654696,0.3824175266697135,272.70615778941607,0.3920161185028108,303.86544759900767,0.3957935208727366
14.639999999999997,10.008164480423448,-15.543072213344125,507.4584718049383,113.88387919967252,52.183293953687915,56.8030095275912,104.36258188319941,107.39395159881359,50.384469979467156,0.33544238865178594,61.20503587774981,0.34182701831408635,74.0597406663099,0.3481360786666151,83.91941508247406,0.352299594097989,100.9125103211494,0.3584803915548339,113.88387919967252,0.36255760005408805,153.04039391973842,0.37259764284448854,203.750759512103,0.3824175266697135,268.8648315639785,0.3920161185028108,299.6872771007374,0.3957935208727366
14.649999999999997,10.042956642458085,-15.459877038731248,483.14673525319233,111.97692099560024,52.36146172800974,56.93308502723798,104.58584326053125,107.62198804902937,49.40820690178891,0.33544238865178594,60.057530011040605,0.34182701831408635,72.71678652648434,0.3481360786666151,82.43151797209131,0.352299594097989,99.18337369398974,0.3584803915548339,111.97692099560024,0.36255760005408805,150.62372876138846,0.37259764284448854,200.72151931118623,0.3824175266697135,265.1081397533976,0.3920161185028108,295.60488701804815,0.3957935208727366
14.659999999999997,10.079188746979339,-15.3718498423512,460.00051667031477,110.1018943486336,52.54203282135107,57.074586717232556,104.80823125843636,107.85311625677689,48.445486606086575,0.33544238865178594,58.92656287943577,0.34182701831408635,71.39400865125874,0.3481360786666151,80.96664166012626,0.352299594097989,97.48226423905368,0.3584803915548339,110.1018943486336,0.36255760005408805,148.25117366345847,0.37259764284448854,197.75292734239787,0.3824175266697135,261.4344008325374,0.3920161185028108,291.6163734480383,0.3957935208727366
14.669999999999996,10.116877119540371,-15.27893584046854,437.9755057698502,108.25826457251799,52.72458089175965,57.226321496305886,105.02955278967298,108.08683019830629,47.49619694947384,0.33544238865178594,57.81195686356505,0.34182701831408635,70.09114686662079,0.3481360786666151,79.52446012113607,0.352299594097989,95.8087388284159,0.3584803915548339,108.25826457251799,0.36255760005408805,145.92191130666973,0.37259764284448854,194.8437957669332,0.3824175266697135,257.8419556222749,0.3920161185028108,287.71985800321295,0.3957935208727366
14.679999999999996,10.155565322023346,-15.182666704619631,417.0288668701039,106.44550593419278,52.90908533295422,57.38756053313019,105.25003389377568,108.32319621043393,46.56192260906778,0.33544238865178594,56.71510885614796,0.34182701831408635,68.80926621937087,0.3481360786666151,78.10571639371804,0.352299594097989,94.16286943682175,0.3584803915548339,106.44550593419278,0.36255760005408805,143.63324706251538,0.37259764284448854,191.987984189095,0.3824175266697135,254.31945193195043,0.3920161185028108,283.9012743563255,0.3957935208727366
14.689999999999996,10.196309048172408,-15.079499838347612,397.119195775225,104.66310150387004,53.094360193747264,57.55649499987192,105.46861760862758,108.56060119907009,45.63879938352785,0.33544238865178594,55.63236560543254,0.34182701831408635,67.54518956754565,0.3481360786666151,76.70773975991617,0.352299594097989,92.54310348467831,0.3584803915548339,104.66310150387004,0.36255760005408805,141.38857689247007,0.37259764284448854,189.19535058613178,0.3824175266697135,250.88680118944833,0.3920161185028108,280.1858520883582,0.3957935208727366
14.699999999999996,10.238570293180736,-14.97124062691027,378.2064826529651,102.91054300762742,53.2805232195868,57.73266189267272,105.68563901934914,108.79928758309178,44.728749133157265,0.33544238865178594,54.5654375777073,0.34182701831408635,66.30024789568418,0.3481360786666151,75.3314905370424,0.352299594097989,90.94962556628096,0.3584803915548339,102.91054300762742,0.36255760005408805,139.18487147715325,0.37259764284448854,186.45885104347934,0.3824175266697135,247.5308788534338,0.3920161185028108,276.5572980633011,0.3957935208727366
14.709999999999996,10.282382354623593,-14.857777333477861,360.25206913919794,101.18733068246686,53.46725721873394,57.91521342706208,105.9009463778634,109.03886731084255,43.8316093762953,0.33544238865178594,53.51410502358973,0.34182701831408635,65.0741525685941,0.3481360786666151,73.97662720488978,0.352299594097989,89.38200378158409,0.3584803915548339,101.18733068246686,0.36255760005408805,137.02143454371404,0.37259764284448854,183.777557066271,0.3824175266697135,244.250497955377,0.3920161185028108,273.0143185537797,0.3957935208727366
14.719999999999995,10.327774088766448,-14.739013124944789,343.2186092712615,99.49297313380286,53.65427004873261,58.10336669002581,106.11440523649429,109.2789866790427,42.94723787532809,0.33544238865178594,52.47816801403368,0.34182701831408635,63.86663324023793,0.3481360786666151,72.64282472934958,0.352299594097989,87.83981854756756,0.3584803915548339,99.49297313380286,0.36255760005408805,134.8975631106928,0.37259764284448854,181.15050869047266,0.3824175266697135,241.04440230097336,0.3920161185028108,269.55553100819156,0.3957935208727366
14.729999999999995,10.374781255306889,-14.61482800232586,327.07003021271174,97.82698719533305,53.8412880900713,58.29639875345483,106.32588497043815,109.51930834556896,42.07547414634306,0.33544238865178594,51.45741066201998,0.34182701831408635,62.67740769298202,0.3481360786666151,71.32975021274247,0.352299594097989,86.32265087663949,0.3584803915548339,97.82698719533305,0.36255760005408805,132.81259071030024,0.37259764284448854,178.5768287906903,0.3824175266697135,237.91149090657524,0.3920161185028108,266.17974663652603,0.3957935208727366
14.739999999999995,10.423439348005774,-14.485102859041012,311.7714936496479,96.18889779125881,54.02805770915023,58.493641762041726,106.53526714945636,109.75952261457776,41.216164320775825,0.33544238865178594,50.4516241904535,0.34182701831408635,61.506201225330805,0.3481360786666151,70.03707848965522,0.352299594097989,84.83008975638938,0.3584803915548339,96.18889779125881,0.36255760005408805,130.7658591913362,0.37259764284448854,176.0556490674153,0.3824175266697135,234.850673291746,0.3920161185028108,262.88578847931495,0.3957935208727366
14.749999999999995,10.473789423890137,-14.349699919831735,297.2893578524256,94.5782378008127,54.21434036591177,58.69447603447168,106.74243718282854,109.9993343858183,40.369142687767614,0.33544238865178594,49.4605897185396,0.34182701831408635,60.352732087028656,0.3481360786666151,68.7644803319602,0.352299594097989,83.36172641977974,0.3584803915548339,94.5782378008127,0.36255760005408805,128.7567396747127,0.37259764284448854,173.5861658527559,0.3824175266697135,231.86097965840005,0.3920161185028108,259.6726304257016,0.3957935208727366
14.759999999999994,10.526135185238225,-14.20760004953614,283.5911406575906,92.99454792505126,54.399442923173936,58.897263113467204,106.94702985227643,110.23795439969653,39.53345039383156,0.33544238865178594,48.483348802423045,0.34182701831408635,59.21609417266011,0.3481360786666151,67.51112312443087,0.352299594097989,81.91691436101874,0.3584803915548339,92.99454792505126,0.36255760005408805,126.78553923987185,0.37259764284448854,171.17004915460805,0.3824175266697135,228.94631784285323,0.3920161185028108,256.54540038852235,0.3957935208727366
14.769999999999994,10.579935965416368,-14.060617565716866,270.6454822561451,91.43737655588158,54.584164405117086,59.10370811427512,107.14951755624077,110.47623729749867,38.710719250119986,0.33544238865178594,47.52136180710319,0.34182701831408635,58.097428969446426,0.3481360786666151,66.27783161918434,0.352299594097989,80.4958071900594,0.3584803915548339,91.43737655588158,0.36255760005408805,124.84957880029064,0.37259764284448854,168.80102728700135,0.3824175266697135,226.09491627228766,0.3920161185028108,253.48944228068453,0.3957935208727366
14.779999999999994,10.635573931738842,-13.907470027721988,258.42211082827396,89.90627964728078,54.767759108074976,59.31211414864014,107.34948323720627,110.71332701546193,37.89974633859628,0.33544238865178594,46.57344494964611,0.34182701831408635,56.99564313390909,0.3481360786666151,65.06362519569903,0.352299594097989,79.09769554304134,0.3584803915548339,89.90627964728078,0.36255760005408805,122.94947378538956,0.37259764284448854,166.481561309487,0.3824175266697135,223.31222604221728,0.3920161185028108,250.51182619412177,0.3957935208727366
14.789999999999994,10.693097570109147,-13.747994731177338,246.8918067507424,88.40082058866899,54.9500448413091,59.52201757612236,107.54683998921041,110.94899726719538,37.1003738746727,0.33544238865178594,45.63938999537736,0.34182701831408635,55.91046932264085,0.3481360786666151,63.868192362370685,0.352299594097989,77.72219512399712,0.3584803915548339,88.40082058866899,0.36255760005408805,121.08464902837645,0.37259764284448854,164.21094273012184,0.3824175266697135,220.59744464309537,0.3920161185028108,247.61173469421578,0.3957935208727366
14.799999999999994,10.75255717064845,-13.58202291728706,236.02636886291867,86.92057008040561,55.13084996808125,59.732985930543435,107.74150631115558,111.18303625344038,36.312446268348666,0.33544238865178594,44.71899153684999,0.34182701831408635,54.84164387144882,0.3481360786666151,62.69122605446665,0.352299594097989,76.36892757851591,0.3584803915548339,86.92057008040561,0.36255760005408805,119.25454204343518,0.37259764284448854,161.9884856479524,0.3824175266697135,217.94980994324612,0.3920161185028108,244.78840113097527,0.3957935208727366
14.809999999999993,10.814009097512526,-13.409365444588815,225.79858129061034,85.4651060113704,55.31001108064672,59.94461349777238,107.93340254751106,111.41524005040246,35.53579865593636,0.33544238865178594,43.81203620998772,0.34182701831408635,53.788897592160865,0.3481360786666151,61.53241613467652,0.352299594097989,75.03751680322773,0.3584803915548339,85.4651060113704,0.36255760005408805,117.45861660964647,0.37259764284448854,159.81356347613794,0.3824175266697135,215.36867371064764,0.3920161185028108,242.04120291695926,0.3957935208727366
14.819999999999993,10.877507003698746,-13.229842269467273,216.182181104209,84.03401333859148,55.487376833424875,60.156522079769836,108.12245702403095,111.64542131255679,34.7702818905438,0.33544238865178594,42.91832609152403,0.34182701831408635,52.751975612590414,0.3481360786666151,60.39146544769532,0.352299594097989,73.72759661790586,0.3584803915548339,84.03401333859148,0.36255760005408805,115.69633302686773,0.37259764284448854,157.68552986054996,0.3824175266697135,212.85334515121386,0.3920161185028108,239.36946392250837,0.3957935208727366
14.829999999999993,10.943114483089872,-13.04323998963128,207.15182682358792,82.62688396889189,55.66279933892008,60.368353109427034,108.30859651574556,111.8733969944215,34.01572823129807,0.33544238865178594,42.037646473297094,0.34182701831408635,51.73060993254146,0.3481360786666151,59.26806751594567,0.352299594097989,72.43879992658267,0.3584803915548339,82.62688396889189,0.36255760005408805,113.96718906807895,0.37259764284448854,155.60382871035807,0.3824175266697135,210.40331035664363,0.3920161185028108,236.7727324986268,0.3957935208727366
14.839999999999993,11.010890808324197,-12.849359703610054,198.68306775659204,81.24331664251773,55.83614312253443,60.57977344415464,108.49175591677009,112.09899903291196,33.27199039964502,0.33544238865178594,41.1698025077753,0.34182701831408635,50.72455057103032,0.3481360786666151,58.16193179141452,0.352299594097989,71.17077084678826,0.3584803915548339,81.24331664251773,0.36255760005408805,112.27067309689417,0.37259764284448854,153.56786902296471,0.3824175266697135,208.0179837708895,0.3920161185028108,234.2504671629246,0.3957935208727366
14.849999999999993,11.080900171515802,-12.6479860016248,190.75231417776507,79.88291681871249,56.0072779848981,60.7904686749675,108.67187185538187,112.32206662186726,32.53891678200662,0.33544238865178594,40.31459590369885,0.34182701831408635,49.7335457042961,0.3481360786666151,57.07276750145365,0.352299594097989,69.92315683938935,0.3584803915548339,79.88291681871249,0.36255760005408805,110.60629371821025,0.37259764284448854,151.5771047155818,0.3824175266697135,205.6968677023557,0.3920161185028108,231.8022388420909,0.3957935208727366
14.859999999999992,11.153209441818186,-12.438894490542975,183.33680833606445,78.54529656321012,56.17608001924256,61.00014091084351,108.8488832763781,112.54244617565014,31.81635792161265,0.33544238865178594,39.47183099468749,0.34182701831408635,48.75734679329838,0.3481360786666151,56.000287777998906,0.352299594097989,68.69561063534616,0.3584803915548339,78.54529656321012,0.36255760005408805,108.97357196932158,0.37259764284448854,149.63101415076179,0.3824175266697135,203.43951227763793,0.3920161185028108,229.42768053951895,0.3957935208727366
14.869999999999992,11.227891829850108,-12.221839497147261,176.41459628733134,77.2300744376104,56.34242918725745,61.20851001150509,109.02272996684003,112.75999057064938,31.10415806914293,0.33544238865178594,38.641306724660275,0.34182701831408635,47.7957016816654,0.3481360786666151,54.94420399701525,0.352299594097989,67.4877874165029,0.3584803915548339,77.2300744376104,0.36255760005408805,107.37205184037411,0.37259764284448854,147.72912906253663,0.3824175266697135,201.24557432445482,0.3920161185028108,227.12656254450215,0.3957935208727366
14.879999999999992,11.305015528699878,-11.996592185570853,169.964500545435,75.93687539060832,56.50621559601371,61.415313181836765,109.1933582545978,112.97456381979833,30.40218308034386,0.33544238865178594,37.822842986204364,0.34182701831408635,46.848377114418824,0.3481360786666151,53.90424410210454,0.352299594097989,66.29935365504198,0.3584803915548339,75.93687539060832,0.36255760005408805,105.80126556508664,0.37259764284448854,145.87094116237728,0.3824175266697135,199.1146305490593,0.3920161185028108,224.8985554884075,0.3957935208727366
14.889999999999992,11.38465741146368,-11.76289459240373,163.9660935413495,74.66533065104214,56.66733057683016,61.62029925751684,109.36071299185372,113.18603256968187,29.710287274884962,0.33544238865178594,37.016249295656216,0.34182701831408635,45.91513189435098,0.3481360786666151,52.88013069915917,0.352299594097989,65.12997640767044,0.3584803915548339,74.66533065104214,0.36255760005408805,104.2607747039306,0.37259764284448854,144.05601362487747,0.3824175266697135,197.04640212122374,0.3920161185028108,222.7435160154237,0.3957935208727366
14.899999999999991,11.466893330869436,-11.520492178290455,158.39967188470519,73.41507762273456,56.82567213501768,61.823232559245476,109.52474350154097,113.3942728465051,29.028336995798053,0.33544238865178594,36.22134705256167,0.34182701831408635,44.995735925040805,0.3481360786666151,51.87159655599986,0.352299594097989,63.97933079031832,0.3584803915548339,73.41507762273456,0.36255760005408805,102.750140701277,0.37259764284448854,142.2839018583839,0.3824175266697135,195.04059619141285,0.3920161185028108,220.66128579892074,0.3957935208727366
14.909999999999991,11.551802747152472,-11.269118298146038,153.24623141753608,72.18575978109503,56.98114276254031,62.023891049990894,109.68539994598376,113.5991648584109,28.356199769762437,0.33544238865178594,35.437959274080136,0.34182701831408635,44.089961387203296,0.3481360786666151,50.87837737872869,0.352299594097989,62.84709640379433,0.3584803915548339,72.18575978109503,0.36255760005408805,101.26893837514464,0.37259764284448854,140.55419048766106,0.3824175266697135,193.09698108541116,0.3920161185028108,218.65178756249526,0.3957935208727366
14.919999999999991,11.639467241491266,-11.008499189626594,148.487443053456,70.97702657145085,57.13364839357061,62.22206130702758,109.84263432733914,113.80059471784541,27.69374794787774,0.33544238865178594,34.66591403445062,0.34182701831408635,43.19758566830095,0.3481360786666151,49.90021417798309,0.352299594097989,61.732958427465974,0.3584803915548339,70.97702657145085,0.36255760005408805,99.81675125258313,0.37259764284448854,138.8664811514883,0.3824175266697135,191.21536254347652,0.3920161185028108,216.71499531149905,0.3957935208727366
14.92999999999999,11.729968374711351,-10.73836115868671,144.10562939349842,69.7885333090831,57.283100486239505,62.4175448248919,109.99640176188491,113.99845506408573,27.040863230268688,0.33544238865178594,33.905048781744505,0.34182701831408635,42.31839507888835,0.3481360786666151,48.9368562956249,0.352299594097989,60.636609048247934,0.3584803915548339,69.7885333090831,0.36255760005408805,98.39316549611969,0.37259764284448854,137.22037627654223,0.3824175266697135,189.3955514782067,0.3920161185028108,214.85089359710278,0.3957935208727366
14.93999999999999,11.82339049735893,-10.458421149802215,140.08374211209406,68.61994108093646,57.42941464524356,62.610153255458364,110.14665842280147,114.19264249701611,26.397430471938392,0.33544238865178594,33.1552044529826,0.34182701831408635,41.45217977198941,0.3481360786666151,47.98805722784188,0.352299594097989,59.55774536541353,0.3584803915548339,68.61994108093646,0.36255760005408805,96.99777772657876,0.37259764284448854,135.6155008418286,0.3824175266697135,187.63740887632974,0.3920161185028108,213.05953521300486,0.3957935208727366
14.94999999999999,11.919819117625469,-10.168392222733294,136.40534010675225,67.47091664897256,57.572509269065485,62.79970740782583,110.29336286284247,114.38306025739205,25.763341136270835,0.33544238865178594,32.41622877240195,0.34182701831408635,40.59873658188247,0.3481360786666151,47.05357693367495,0.352299594097989,58.49607046951307,0.3584803915548339,67.47091664897256,0.36255760005408805,95.63019035437651,0.37259764284448854,134.0514900222724,0.3824175266697135,185.94082151639927,0.3920161185028108,211.34101068267935,0.3957935208727366
14.95999999999999,12.019340401402356,-9.867985230193401,133.0545684054531,66.34113235514397,57.712307754588565,62.98603879278332,110.436475584916,114.56961607675231,25.13849406354933,0.33544238865178594,31.68797701063957,0.34182701831408635,39.757869687296676,0.3481360786666151,46.133182369533046,0.352299594097989,57.45129365920918,0.3584803915548339,66.34113235514397,0.36255760005408805,94.29001027208612,0.37259764284448854,132.527985943971,0.3824175266697135,184.30569605556508,0.3920161185028108,209.69544112554576,0.3957935208727366
14.96999999999999,12.122040568699411,-9.556910843290533,130.01613782739733,65.23026602795926,57.84873742318436,63.168989719320024,110.57595930058172,114.75222248893309,24.52279628908069,0.33544238865178594,30.97031280402439,0.34182701831408635,38.929391337522866,0.3481360786666151,45.22664808131308,0.352299594097989,56.42313069122964,0.3584803915548339,65.23026602795926,0.36255760005408805,92.97684739008724,0.37259764284448854,131.0446339519012,0.3824175266697135,182.73195203532813,0.3920161185028108,208.12296970753656,0.3957935208727366
14.97999999999999,12.228006501258747,-9.234877512554505,127.27530539315113,64.13800089061054,57.981730046616185,63.348411779459205,110.71177875640187,114.93079784116718,23.916161462139723,0.33544238865178594,30.263106677167954,0.34182701831408635,38.11312058695717,0.3481360786666151,44.33375515979633,0.352299594097989,55.41130322571851,0.3584803915548339,64.13800089061054,0.36255760005408805,91.69031639285159,0.37259764284448854,129.6010877677582,0.3824175266697135,181.2195331299865,0.3920161185028108,206.62377647225352,0.3957935208727366
14.98999999999999,12.337323502864797,-8.901598983675145,124.81785548139456,63.06402547064151,58.11122127456321,63.524165736319034,110.84390207190891,115.10526592465446,23.318513554272723,0.33544238865178594,29.566239658503807,0.34182701831408635,37.30888647175499,0.3481360786666151,43.4542938610331,0.352299594097989,54.415540085379256,0.3584803915548339,63.06402547064151,0.36255760005408805,90.43003118202509,0.37259764284448854,128.19699433328574,0.3824175266697135,179.76837654149543,0.3920161185028108,205.19803947922696,0.3957935208727366
14.99999999999999,12.450076316461095,-8.556790884358707,122.630081729819,62.008033511127984,58.237152051230574,63.69612349680346,110.9723000424214,115.27555640694418,22.729784257093886,0.33544238865178594,28.879600842158744,0.34182701831408635,36.516525926279414,0.3481360786666151,42.58806189784589,0.352299594097989,53.43557638149881,0.3584803915548339,62.008033511127984,0.36255760005408805,89.19560787312847,0.37259764284448854,126.8320023058765,0.3824175266697135,178.37843096672458,0.3920161185028108,203.84595819736091,0.3957935208727366
15.00999999999999,12.56634825983921,-8.200173624700604,120.6987696791069,60.96972388334377,58.35946713215723,63.864165571795354,111.09694558419217,115.44160355353229,22.14991388631495,0.33544238865178594,28.203088325091393,0.34182701831408635,35.735884643210596,0.3481360786666151,41.73486516003792,0.352299594097989,52.47115384218615,0.3584803915548339,60.96972388334377,0.36255760005408805,87.98666294668442,0.37259764284448854,125.50575709348757,0.3824175266697135,177.0496468382304,0.3920161185028108,202.5677413355664,0.3957935208727366
15.019999999999989,12.686219290185141,-7.831478891996133,119.01118015832655,59.94880050089107,58.47811742851325,64.02818372516093,111.21781629314542,115.60334976071569,21.578853851014767,0.33544238865178594,27.53661168343084,0.34182701831408635,34.966819304328304,0.3481360786666151,40.89451958105816,0.352299594097989,51.522021719850954,0.3584803915548339,59.94880050089107,0.36255760005408805,86.80280896405297,0.37259764284448854,124.21788892469442,0.3824175266697135,175.78195182794417,0.3920161185028108,201.36357557851213,0.3957935208727366
15.029999999999989,12.809766833943828,-7.450446865960273,117.55503341093583,58.9449722352675,58.59305845536698,64.18807965741827,111.33489273019015,115.76074234160335,21.016564164922713,0.33544238865178594,26.880089663081474,0.34182701831408635,34.20919562815389,0.3481360786666151,40.06684954904741,0.352299594097989,50.58793598654537,0.3584803915548339,58.9449722352675,0.36255760005408805,85.64365723397535,0.37259764284448854,122.96802029674177,0.3824175266697135,174.57526646264364,0.3920161185028108,200.23364589456756,0.3957935208727366
15.039999999999988,12.937064003465082,-7.0568322031372706,116.31849395960487,57.957952832848164,58.704252017229464,64.34376522392697,111.44816002918306,115.9137357565041,20.463015329834136,0.33544238865178594,26.23345211474101,0.34182701831408635,33.46289015040188,0.3481360786666151,39.25168941483058,0.352299594097989,49.66866007488823,0.3584803915548339,57.957952832848164,0.36255760005408805,84.50881412518976,0.37259764284448854,121.75575552962081,0.3824175266697135,173.42948237493133,0.3920161185028108,199.17810765758725,0.3957935208727366
15.049999999999988,13.068179086098521,-6.650405751347206,115.2901562073943,56.987460833255724,58.81166583811394,64.49516414782987,111.55760767312604,116.06229226975151,19.918187850051375,0.33544238865178594,25.59663964794599,0.34182701831408635,32.72779001662513,0.3481360786666151,38.44888336153385,0.352299594097989,48.763964810488325,0.3584803915548339,56.987460833255724,0.36255760005408805,83.39788063462427,0.37259764284448854,120.58067933228958,0.3824175266697135,172.34445908248927,0.3920161185028108,198.19708252966268,0.3957935208727366
15.059999999999988,13.203174675148599,-6.230957465944258,114.45903077128489,56.03321948909926,58.91527460295277,64.64221155639903,111.66322990089894,116.20638158386947,19.382072205069854,0.33544238865178594,24.96960373995252,0.34182701831408635,32.00379318509891,0.3481360786666151,37.65828562085159,0.352299594097989,47.8736285228261,0.3584803915548339,56.03321948909926,0.36255760005408805,82.31045117801817,0.37259764284448854,119.44235307481487,0.3824175266697135,171.32001577336732,0.3920161185028108,197.29064780588013,0.3957935208727366
15.069999999999988,13.342106471457393,-5.798300431350988,113.81453154175945,55.094956687057056,59.015059806206565,64.78485389944865,111.76502673191209,116.34598089652087,18.854669144048678,0.33544238865178594,24.352307173260023,0.34182701831408635,31.290808934797166,0.3481360786666151,36.87976095209428,0.352299594097989,46.99743729536706,0.3584803915548339,55.094956687057056,0.36255760005408805,81.24611173748521,0.37259764284448854,118.34030908790334,0.3824175266697135,170.35591864448742,0.3920161185028108,196.4588198616863,0.3957935208727366
15.079999999999988,13.485022657609965,-5.352272961040343,113.34646345907076,54.17240487027899,59.11101062602275,64.92305033281224,111.8630046693586,116.48107870919466,18.335988948359184,0.33544238865178594,23.744723473800118,0.34182701831408635,30.588757499300932,0.3481360786666151,36.11318439990741,0.352299594097989,46.135184859827234,0.3584803915548339,54.17240487027899,0.36255760005408805,80.20443943943106,0.37259764284448854,117.27404889346026,0.3824175266697135,169.4518762501349,0.3920161185028108,195.70154783334146,0.3957935208727366
15.089999999999987,13.631962600270402,-4.8927429521127035,113.04501099331188,53.26530096209018,59.203124537788426,65.05677297218556,111.95717542856723,116.6116693530785,17.826051545582235,0.33544238865178594,23.14683719324333,0.34182701831408635,29.89757046089146,0.3481360786666151,35.35844169360513,0.352299594097989,45.286672819844064,0.3584803915548339,53.26530096209018,0.36255760005408805,79.18500068979546,0.37259764284448854,116.2430371655118,0.3824175266697135,168.6075254924835,0.3920161185028108,195.01869500136647,0.3957935208727366
15.099999999999987,13.782956938517678,-4.419607588866809,112.90072731058154,52.373386290972014,59.29140732682596,65.1860076196805,112.04755857031321,116.73775959342447,17.32488455646362,0.33544238865178594,22.558642158435678,0.34182701831408635,29.21718933750289,0.3481360786666151,34.6154281382276,0.352299594097989,44.451710116947076,0.3584803915548339,52.373386290972014,0.36255760005408805,78.18735247585747,0.37259764284448854,115.24670466334874,0.3824175266697135,167.82243644769272,0.3920161185028108,194.4100445173453,0.3957935208727366
15.109999999999987,13.938025074775474,-3.9328017624983644,112.90452410251996,51.49640651679776,59.37587342458131,65.31075188373212,112.1341799874625,116.85936468849681,16.83252482639743,0.33544238865178594,21.980143166049768,0.34182701831408635,28.547567256811245,0.3481360786666151,33.88405009952715,0.352299594097989,43.630113816293196,0.3584803915548339,51.49640651679776,0.36255760005408805,77.21103798721398,0.37259764284448854,114.28443462280491,0.3824175266697135,167.0960814728015,0.3920161185028108,193.87525844546536,0.3957935208727366
15.119999999999987,14.097175881802489,-3.4322956986493223,113.04766205004677,50.63411155830506,59.45654713240929,65.43101959334018,112.21707388461073,116.97651100821732,16.349015442722145,0.33544238865178594,21.411353216498707,0.34182701831408635,27.88866664346565,0.3481360786666151,33.164223148348846,0.352299594097989,42.82170820309823,0.3584803915548339,50.63411155830506,0.36255760005408805,76.25558939787611,0.37259764284448854,113.35556967455535,0.3824175266697135,166.427847895436,0.3920161185028108,193.41389337710316,0.3957935208727366
15.129999999999987,14.260405655182218,-2.9181018282475444,113.32174188653497,49.786255521782735,59.53346190043988,65.54683683086397,112.29628259231669,117.0892364973912,15.874406398011198,0.33544238865178594,20.852294354943908,0.34182701831408635,27.24046014099974,0.3481360786666151,32.45587292456898,0.352299594097989,42.02632526420948,0.3584803915548339,49.786255521782735,0.36255760005408805,75.32052466531987,0.37259764284448854,112.45940128542715,0.3824175266697135,165.8170128229039,0.3920161185028108,193.02536645294813,0.3957935208727366
15.139999999999986,14.4276992288834,-2.390271044015391,113.71869601794721,48.952596630950225,59.60666117388549,65.65824533475225,112.37185594727279,117.19758899887374,15.408751174932103,0.33544238865178594,20.302994445423856,0.34182701831408635,26.6029278672838,0.3481360786666151,31.75893291180372,0.352299594097989,41.24380359498165,0.3584803915548339,48.952596630950225,0.36255760005408805,74.40535112043845,0.37259764284448854,111.5951788813838,0.3824175266697135,165.26276016359654,0.3920161185028108,192.70897638778405,0.3957935208727366
15.149999999999986,14.599026824285485,-1.8489032742097369,114.23078065154962,48.13289715801288,59.67619842750272,65.76529975515041,112.4438529136561,117.30162893362306,14.952108618634284,0.33544238865178594,19.763489212702538,0.34182701831408635,25.97605942476639,0.3481360786666151,31.07334622620238,0.352299594097989,40.473989362461715,0.3584803915548339,48.13289715801288,0.36255760005408805,73.50956005824818,0.37259764284448854,110.76209246224029,0.3824175266697135,164.76413972727414,0.3920161185028108,192.46384842438613,0.3957935208727366
15.159999999999986,14.774346460970047,-1.2941393927179143,114.8505683778789,47.326923355870704,59.74213697893235,65.86806991654665,112.51234050288005,117.40142677383213,14.504538070897215,0.33544238865178594,19.233817527014477,0.34182701831408635,25.359849782759483,0.3481360786666151,30.399062220875628,0.352299594097989,39.716734608888885,0.3584803915548339,47.326923355870704,0.36255760005408805,72.6326329689174,0.37259764284448854,109.95928932919936,0.3824175266697135,164.3201002996752,0.3920161185028108,192.28897609619816,0.3957935208727366
15.169999999999986,14.9536026282501,-0.7261656770130422,115.57094114514884,46.53444539146328,59.8045499098088,65.96663846920016,112.5773941516452,117.49706470980365,14.06609920490002,0.33544238865178594,18.714021362275336,0.34182701831408635,24.754299369968667,0.3481360786666151,29.736036640421585,0.352299594097989,38.9718973708661,0.3584803915548339,46.53444539146328,0.36255760005408805,71.77403984644675,0.37259764284448854,109.18586750387618,0.3824175266697135,163.92947180870445,0.3920161185028108,192.18319612639667,0.3957935208727366
15.179999999999986,15.136725813842776,-0.145215389789292,116.385083560257,45.75523728022904,59.863519948020326,66.06110131195233,112.63909722421957,117.58863540723269,13.63685083165882,0.33544238865178594,18.204144709708967,0.34182701831408635,24.15941321147536,0.3481360786666151,29.084230964318824,0.352299594097989,38.23934138206271,0.3584803915548339,45.75523728022904,0.36255760005408805,70.9332393050889,0.37259764284448854,108.4408743350728,0.3824175266697135,163.59095839896145,0.3920161185028108,192.14517739010154,0.3957935208727366
15.189999999999985,15.323633412571633,0.4484342703746565,117.28647644737063,44.98907682166366,59.91913940562615,66.15156767579103,112.69754200580415,117.67624281073148,13.216848359321583,0.33544238865178594,17.70423109587523,0.34182701831408635,23.575198763268215,0.3481360786666151,28.44361062954093,0.352299594097989,37.518935188116274,0.3584803915548339,44.98907682166366,0.36255760005408805,70.10968137915943,0.37259764284448854,107.72331312038455,0.3824175266697135,163.3031491000378,0.3920161185028108,192.1734329743511,0.3957935208727366
15.199999999999985,15.51423030320112,1.054464104701797,118.26889059333146,44.23574553595736,59.97150866292012,66.23815773722363,112.75282704736951,117.75999924093219,12.806141905878288,0.33544238865178594,17.214321715747744,0.34182701831408635,23.00166427246332,0.3481360786666151,27.814143682039138,0.352299594097989,36.81055147144803,0.3584803915548339,44.23574553595736,0.36255760005408805,69.30280948436109,0.37259764284448854,107.03214733645204,0.3824175266697135,163.06452330956446,0.3920161185028108,192.26632540386586,0.3957935208727366
15.209999999999985,15.708407724440171,1.6725091424167327,119.32638060869628,43.49502860169183,60.02073697129115,66.32100182705467,112.80505979230648,117.840028421543,12.404776286502713,0.33544238865178594,16.734455446680464,0.34182701831408635,22.438818848794522,0.3481360786666151,27.195800881529948,0.352299594097989,36.114067128306786,0.3584803915548339,43.49502860169183,0.36255760005408805,68.51205899295913,0.37259764284448854,106.36629462735168,0.3824175266697135,162.87343319935465,0.3920161185028108,192.42204115081145,0.3957935208727366
15.219999999999985,15.9060480540512,2.30217467802421,120.45327883670515,42.7667147945818,60.06693955707186,66.40024035765221,112.85435154549528,117.91645958966225,12.012785469397969,0.33544238865178594,16.264663155385026,0.34182701831408635,21.88666721388563,0.3481360786666151,26.588551220408966,0.352299594097989,35.429360928909865,0.3584803915548339,42.7667147945818,0.36255760005408805,67.7368670434219,0.37259764284448854,105.72465508262346,0.3824175266697135,162.72816340745246,0.3920161185028108,192.63866780328271,0.3957935208727366
15.229999999999984,16.107020053330665,2.9430203131902024,121.64418924428514,42.05059642724239,60.110240189167435,66.47602330025263,112.90082210064064,117.98943200899437,11.63019656195432,0.33544238865178594,15.804971730312149,0.34182701831408635,21.345213431672313,0.3481360786666151,25.992365136355225,0.352299594097989,34.756315202573596,0.3584803915548339,42.05059642724239,0.36255760005408805,66.97666389238437,0.37259764284448854,105.10608343203843,0.3824175266697135,162.6268644645132,0.3920161185028108,192.91410344380583,0.3957935208727366
15.239999999999984,16.311185961731457,3.5945837641995735,122.8939812392875,41.34646928996366,60.15076600992473,66.54850487624431,112.9445935049053,118.05908877609744,11.257022790374318,0.33544238865178594,15.355396764973294,0.34182701831408635,20.814454055496387,0.3481360786666151,25.407208603431222,0.352299594097989,34.094812711201634,0.3584803915548339,41.34646928996366,0.36255760005408805,66.23088670890911,0.37259764284448854,104.50943001583686,0.3824175266697135,162.56764200539138,0.3920161185028108,193.24617341325003,0.3957935208727366
15.249999999999984,16.51839815325122,4.256369641782668,124.19778336094774,40.65413259247819,60.18864974275566,66.61784644409406,112.98579329194364,118.12557973745817,10.893266567037571,0.33544238865178594,14.915945579414347,0.34182701831408635,20.294380860098887,0.3481360786666151,24.833045454534158,0.352299594097989,33.4447378442118,0.3584803915548339,40.65413259247819,0.36255760005408805,65.49897340365827,0.37259764284448854,103.93352080430105,0.3824175266697135,162.54850815379154,0.3920161185028108,193.63256361325782,0.3957935208727366
15.259999999999984,16.72850340563551,4.927863777300426,125.5509768052107,39.97338890670381,60.2240270348405,66.68421287016952,113.02455165768963,118.18905839305955,10.538915885683968,0.33544238865178594,14.486613316788794,0.34182701831408635,19.78497707323264,0.3481360786666151,24.269834076705774,0.352299594097989,32.80597482581298,0.3584803915548339,39.97338890670381,0.36255760005408805,64.7803706015715,0.37259764284448854,103.37718118859496,0.3824175266697135,162.56743296525835,0.3920161185028108,194.07088746977888,0.3957935208727366
15.269999999999984,16.941342331868434,5.608531314994799,126.94918875280334,39.30404411044374,60.25703627289387,66.74777186352321,113.0610010274163,118.24968064219034,10.1939452828991,0.33544238865178594,14.067383733202961,0.34182701831408635,19.28621796931042,0.3481360786666151,23.717527858023043,0.352299594097989,32.178407896084074,0.3584803915548339,39.30404411044374,0.36255760005408805,64.07453245642174,0.37259764284448854,102.83923170836759,0.3824175266697135,162.62233212997003,0.3920161185028108,194.5586678814592,0.3957935208727366
15.279999999999983,17.15675157517928,6.297824077782869,128.38828548168232,38.64590733203077,60.28781682889216,66.808691933339,113.09527438793785,118.30760387002334,9.858314649077471,0.33544238865178594,13.658227725032939,0.34182701831408635,18.798069309008234,0.3481360786666151,23.17607375201736,0.352299594097989,31.561920478543374,0.3584803915548339,38.64590733203077,0.36255760005408805,63.380924420465924,0.37259764284448854,102.31849942432203,0.3824175266697135,162.7110910720971,0.3920161185028108,195.0933680936837,0.3957935208727366
15.289999999999983,17.374565942139654,6.995187725300909,129.86436525511084,37.99879089589829,60.316508163457456,66.8671412735884,113.12750578523656,118.36298615989705,9.531968453577397,0.33544238865178594,13.25910224702445,0.34182701831408635,18.320486106256784,0.3481360786666151,22.645411102003706,0.352299594097989,30.956394467055105,0.3584803915548339,37.99879089589829,0.36255760005408805,62.699026662251995,0.37259764284448854,101.81382862450475,0.3824175266697135,162.83158839401804,0.3920161185028108,195.67242211802255,0.3957935208727366
15.299999999999983,17.594618231110392,7.700061178222848,131.37375098753296,37.36251026906161,60.34324911523181,66.92328678000774,113.15782795319399,118.41598497793852,9.21483692800677,0.33544238865178594,12.869951273665624,0.34182701831408635,17.853413319501215,0.3481360786666151,22.125472133539038,0.352299594097989,30.361710400083428,0.3584803915548339,37.36251026906161,0.36255760005408805,62.028333279801146,0.37259764284448854,101.32407846241375,0.3824175266697135,162.98168921732236,0.3920161185028108,196.29322476738514,0.3957935208727366
15.309999999999983,17.81674244031996,8.411887383624084,132.9129827013198,36.73688400849665,60.3681764767993,66.97729222345987,113.18637219328947,118.46675532460395,8.906834889528737,0.33544238865178594,12.490704253246879,0.34182701831408635,17.396784130578858,0.3481360786666151,21.616180322908097,0.352299594097989,29.77774647786442,0.3584803915548339,36.73688400849665,0.36255760005408805,61.36835733977978,0.37259764284448854,100.8481394140503,0.3824175266697135,163.1592833583282,0.3920161185028108,196.9531825489125,0.3957935208727366
15.319999999999983,18.040772394843977,9.130108707530182,134.47880979433376,36.12173370939909,60.391425275048924,67.0293181577755,113.21326798653419,118.51545089689942,8.607864026347697,0.33544238865178594,12.12127822459841,0.34182701831408635,16.95052172159119,0.3481360786666151,21.117451826458378,0.352299594097989,29.2043792302794,0.3584803915548339,36.12173370939909,0.36255760005408805,60.7186278431542,0.37259764284448854,100.38492413542139,0.3824175266697135,163.3622634809885,0.3920161185028108,197.64968352120712,0.3957935208727366
15.329999999999982,18.266546176797497,9.854181801333944,136.06818314850125,35.516883954310565,60.41312560678503,67.07951923196333,113.23864088261949,118.56221976776915,8.317811226442004,0.33544238865178594,11.76157571827761,0.34182701831408635,16.514536986425888,0.3481360786666151,20.629193325555438,0.352299594097989,28.641482227819427,0.3584803915548339,35.516883954310565,0.36255760005408805,60.07869659137442,0.37259764284448854,99.9333904522764,0.3824175266697135,163.58858024705555,0.3920161185028108,198.38017194264225,0.3957935208727366
15.339999999999982,18.493902929997873,10.583566879187554,137.67824711133997,34.922162263095544,60.43340575459532,67.12804644393586,113.26261421085928,118.60720766429066,8.036552160179234,0.33544238865178594,11.411488276172138,0.34182701831408635,16.088731666921,0.3481360786666151,20.15130465289846,0.352299594097989,28.08892739901704,0.3584803915548339,34.922162263095544,0.36255760005408805,59.448131984146464,0.37259764284448854,99.49252222504663,0.3824175266697135,163.83619717073606,0.3920161185028108,199.14208672599656,0.3957935208727366
15.349999999999982,18.72268849079589,11.317746613409083,139.30633139194373,34.33739904375695,60.452387563861194,67.1750427037649,113.28530570419356,118.65055381885836,7.763949093661857,0.33544238865178594,11.070893791136776,0.34182701831408635,15.672995499554306,0.3481360786666151,19.68367612136507,0.352299594097989,27.546583442432485,0.3584803915548339,34.33739904375695,0.36255760005408805,58.826527663304596,0.37259764284448854,99.06135874849427,0.3824175266697135,164.103162650041,0.3920161185028108,199.93295986009426,0.3957935208727366
15.359999999999982,18.952753055775396,12.056218307971191,140.94994290939655,33.76242754407534,60.470188139001415,67.2206445490821,113.30682927751745,118.69239290408724,7.499853932944783,0.33544238865178594,10.739659475847212,0.34182701831408635,15.267208830374573,0.3481360786666151,19.226190691572747,0.352299594097989,27.01431689133413,0.3584803915548339,33.76242754407534,0.36255760005408805,58.213497693397265,0.37259764284448854,98.6389804144209,0.3824175266697135,164.3875771249481,0.3920161185028108,200.75037204499174,0.3957935208727366
15.369999999999981,19.18395083818857,12.798492745599285,142.60675763755938,33.197083804056724,60.486920478517405,67.26498241683518,113.32729462465574,118.73285422416878,7.244109771602894,0.33544238865178594,10.41764326517377,0.34182701831408635,14.871243742469114,0.3481360786666151,18.778724839843417,0.352299594097989,26.49199247742685,0.3584803915548339,33.197083804056724,0.36255760005408805,57.608675219429536,0.37259764284448854,98.22450554358475,0.3824175266697135,164.68758678444308,0.3920161185028108,201.59194435459295,0.3957935208727366
15.379999999999981,19.416144484377867,13.544109007979483,144.2746124882574,32.641206609177885,60.50269036529875,67.30817857466084,113.34680475802332,118.77205879206046,6.996549746972617,0.33544238865178594,10.104692293165815,0.34182701831408635,14.48496230404908,0.3481360786666151,18.341146852112796,0.352299594097989,25.979472059478265,0.3584803915548339,32.641206609177885,0.36255760005408805,57.01171875843214,0.37259764284448854,97.8171129045993,0.3824175266697135,165.00144108991822,0.3920161185028108,202.45541800924843,0.3957935208727366
15.389999999999981,19.64920256501963,14.29262605711291,145.9514972713252,32.0946374444144,60.5175981810556,67.35034703676793,113.36545850108644,118.81012320928677,6.756999907966897,0.33544238865178594,9.800645758423075,0.34182701831408635,14.108219147121092,0.3481360786666151,17.913318989020095,0.352299594097989,25.47661570579937,0.3584803915548339,32.0946374444144,0.36255760005408805,56.422307201600695,0.37259764284448854,97.41602676459055,0.3824175266697135,165.32745862565568,0.3920161185028108,203.33860836204258,0.3957935208727366
15.39999999999998,19.882997628623187,15.043616203433576,147.63554677053048,31.55722044903752,60.5317399422505,67.39159636298007,113.38334967870831,118.84715800661381,6.525281412060018,0.33544238865178594,9.505337119236057,0.34182701831408635,13.740863439570928,0.3481360786666151,17.495099138045543,0.352299594097989,24.983282513598848,0.3584803915548339,31.55722044903752,0.36255760005408805,55.84013598038098,0.37259764284448854,97.02050537014806,0.3824175266697135,165.6640003958683,0.3920161185028108,204.2393686081819,0.3957935208727366
15.40999999999998,20.117413525484366,15.796689682833508,149.32503297079063,31.028802372168958,60.545203060375,67.43202477465309,113.40056494528773,118.88326409755165,6.301207928366613,0.33544238865178594,9.218591007209017,0.34182701831408635,13.382735595630729,0.3481360786666151,17.086337727028003,0.352299594097989,24.499328758896,0.3584803915548339,31.028802372168958,0.36255760005408805,55.264927730337824,0.37259764284448854,96.6298788808963,0.3824175266697135,166.00956759168727,0.3920161185028108,205.15572623302137,0.3957935208727366
15.41999999999998,20.352338152048173,16.55147030888655,151.01835746455077,30.509232529079917,60.558071065709996,67.47172550083707,113.41718711549014,118.91853965408487,6.084590534550134,0.33544238865178594,8.940228443198244,0.34182701831408635,13.033672288406489,0.3481360786666151,16.6868821265031,0.352299594097989,24.0246102708922,0.3584803915548339,30.509232529079917,0.36255760005408805,54.696420063716914,0.37259764284448854,96.24350951235307,0.3824175266697135,166.36270453760224,0.3920161185028108,206.08574967793135,0.3957935208727366
15.42999999999998,20.587666369434476,17.307605266558713,152.71404406724176,29.99836275822085,60.570421390625114,67.51078331798679,113.43329342800351,118.9530744248356,5.87523717630699,0.33544238865178594,8.670066083006454,0.34182701831408635,12.693505536315726,0.3481360786666151,16.29657572850523,0.352299594097989,23.558981819039776,0.3584803915548339,29.99836275822085,0.36255760005408805,54.13436941565838,0.37259764284448854,95.86080615180214,0.3824175266697135,166.7220378908441,0.3920161185028108,207.0276036424624,0.3957935208727366
15.43999999999998,20.823301787770028,18.064771099899488,154.4107316626704,29.49604737897179,60.58232453397149,67.54927536016811,113.44895421241154,118.98695034511516,5.672952830208219,0.33544238865178594,8.40791623875341,0.34182701831408635,12.362062557758113,0.3481360786666151,15.915257712098375,0.352299594097989,23.10229688098967,0.3584803915548339,29.49604737897179,0.36255760005408805,53.57855294790439,0.37259764284448854,95.48123272655307,0.3824175266697135,167.08630118202362,0.3920161185028108,207.97958466150246,0.3957935208727366
15.44999999999998,21.0591528268841,18.82266049289974,156.10716729648362,29.002143150100167,60.59384707339489,67.58727322988283,113.46423715980383,119.0202472105663,5.477542157367954,0.33544238865178594,8.153589725600574,0.34182701831408635,12.03916851426376,0.3481360786666151,15.542765451205968,0.352299594097989,22.654408931287588,0.3584803915548339,29.002143150100167,0.36255760005408805,53.02876185873744,0.37259764284448854,95.10428656124589,0.3824175266697135,167.4542822707884,0.3920161185028108,208.94004890067703,0.3957935208727366
15.45999999999998,21.295134698263215,19.580988920346428,157.80219953315498,28.516509228912728,60.60504979858603,67.62484175660738,113.4792034616254,119.05303599653713,5.28880930698637,0.33544238865178594,7.9068955420931895,0.34182701831408635,11.724646073500637,0.3481360786666151,15.178934043099717,0.352299594097989,22.2151710951555,0.3584803915548339,28.516509228912728,0.36255760005408805,52.48480374149843,0.37259764284448854,94.72950802363845,0.3824175266697135,167.82485065252624,0.3920161185028108,209.90745139026774,0.3957935208727366
15.46999999999998,21.53117112750467,20.339500427868092,159.49477208606743,28.039007131094,60.61598735697142,67.66203834002482,113.49390896167891,119.08538186431372,5.106557929652748,0.33544238865178594,7.667640784445715,0.34182701831408635,11.418315204691606,0.3481360786666151,14.823596044064416,0.352299594097989,21.78443591593247,0.3584803915548339,28.039007131094,0.36255760005408805,51.94650440808427,0.37259764284448854,94.35648861993272,0.3824175266697135,168.1969816968048,0.3920161185028108,210.8803815072336,0.3957935208727366
15.479999999999979,21.767188629577344,21.097948421400552,161.18391772737897,27.56950069121461,60.626711501236635,67.6989170505529,113.5084064437129,119.11734602638299,4.930594088877957,0.33544238865178594,7.435633888528805,0.34182701831408635,11.119996419089702,0.3481360786666151,14.47658438353328,0.352299594097989,21.362056975700476,0.3584803915548339,27.56950069121461,0.36255760005408805,51.413698911951094,0.37259764284448854,93.98484053766249,0.3824175266697135,168.56967969800584,0.3920161185028108,211.85745576352366,0.3957935208727366
15.489999999999979,22.003121168417497,21.85611130341449,162.86875248244172,27.107856023903004,60.637268452228184,67.73552468002241,113.52274405213879,119.14898427505724,4.760724837383974,0.33544238865178594,7.2106829612529415,0.34182701831408635,10.829508986820665,0.3481360786666151,14.137730675891559,0.352299594097989,20.947887857869322,0.3584803915548339,27.107856023903004,0.36255760005408805,50.88623782546033,0.37259764284448854,93.6142202124432,0.3824175266697135,168.9420419360122,0.3920161185028108,212.8374090987524,0.3957935208727366
15.499999999999979,22.23890884783336,22.613788079977795,164.5484701084721,26.6539414856657,60.64769958607028,67.7719033775822,113.53696527552036,119.18034726385979,4.596759226244566,0.33544238865178594,6.992596887904643,0.34182701831408635,10.54667201088762,0.3481360786666151,13.806866158627667,0.352299594097989,20.541782632935096,0.3584803915548339,26.6539414856657,0.36255760005408805,50.363984744586425,0.37259764284448854,93.24432083250215,0.3824175266697135,169.3132418537429,0.3920161185028108,213.81907247183102,0.3957935208727366
15.509999999999978,22.474495149566508,23.37078909250513,166.22233685624417,26.207627637347915,60.65804338932478,67.80809047061015,113.55110995511096,119.21148101000601,4.43850965281248,0.33544238865178594,6.781186865279697,0.34182701831408635,10.271305978160965,0.3481360786666151,13.48382309180445,0.352299594097989,20.14359663106027,0.3584803915548339,26.207627637347915,0.36255760005408805,49.84681190889654,0.37259764284448854,92.87485762189488,0.3824175266697135,169.68249209073292,0.3920161185028108,214.8013214074416,0.3957935208727366
15.519999999999978,22.709829878484083,24.12694590095337,167.88968651117943,25.7687872072227,60.66833415164686,67.84412007010573,113.56521472107507,119.24242795954908,4.285791080306915,0.33544238865178594,6.5762654913889484,0.34182701831408635,10.003231777546922,0.3481360786666151,13.16843381689917,0.352299594097989,19.75318584536475,0.3584803915548339,25.7687872072227,0.36255760005408805,49.334603920117765,0.37259764284448854,92.5055824170024,0.3824175266697135,170.04908559137476,0.3920161185028108,215.78313536471558,0.3957935208727366
15.529999999999978,22.94486721410596,24.882104745322096,169.54991570792134,25.337295054697325,60.678602496580524,67.8800210497287,113.57931222139517,119.27322573709473,4.138421989265271,0.33544238865178594,6.3776478652953275,0.34182701831408635,9.742271822484655,0.3481360786666151,12.860531771784041,0.352299594097989,19.37040748875695,0.3584803915548339,25.337295054697325,0.36255760005408805,48.827254562359386,0.37259764284448854,92.13627317413834,0.3824175266697135,170.41236977203656,0.3920161185028108,216.76356207248892,0.3957935208727366
15.539999999999978,23.17956600096506,25.636127520017055,171.2024795114989,24.913028134628238,60.68887528374535,67.91581765435703,113.5934315202511,119.30390800358404,3.996224467695268,0.33544238865178594,6.185151703217983,0.34182701831408635,9.488250158937552,0.3481360786666151,12.559951571268218,0.352299594097989,18.99512000672856,0.3584803915548339,24.913028134628238,0.36255760005408805,48.32466681602867,0.37259764284448854,91.7667349848957,0.3824175266697135,170.77175129453795,0.3920161185028108,217.74172528903358,0.3957935208727366
15.549999999999978,23.413886889274483,26.38888217877351,172.84688725672407,24.495865462233514,60.69917833128579,67.95153381720858,113.60760096923238,119.33450733647811,3.8590252264619123,0.33544238865178594,5.998598554500056,0.34182701831408635,9.240993751994754,0.3481360786666151,12.266530200048242,0.352299594097989,18.627183760956477,0.3584803915548339,24.495865462233514,0.36255760005408805,47.82674866056238,0.37259764284448854,91.39678527782198,0.3824175266697135,171.12665727637878,0.3920161185028108,218.71676996619587,0.3957935208727366
15.559999999999977,23.64779739266908,27.1402597069433,174.48269863703632,24.085688078592092,60.70953236408293,67.98718744496132,113.6218435154969,119.36505031268796,3.7266541385069907,0.33544238865178594,5.8178121084234995,0.34182701831408635,9.000330689150829,0.3481360786666151,11.980105315131715,0.352299594097989,18.266459986228373,0.3584803915548339,24.085688078592092,0.36255760005408805,47.333419566132505,0.37259764284448854,91.02627888263625,0.3824175266697135,171.47660587613663,0.3920161185028108,219.6879644205634,0.3957935208727366
15.569999999999977,23.881266815868138,27.890157100228727,176.10952003246854,23.682379016721477,60.719956893003975,68.02279529754392,113.63618075743022,119.39556182620282,3.5989458739324047,0.33544238865178594,5.642620153600295,0.34182701831408635,8.766092270797627,0.3481360786666151,11.700517201850607,0.352299594097989,17.912811937948874,0.3584803915548339,23.682379016721477,0.36255760005408805,46.84460335356752,0.37259764284448854,90.65508213011837,0.3824175266697135,171.82113687694678,0.3920161185028108,220.65460149605244,0.3957935208727366
15.579999999999977,24.114267984691296,28.638483170105097,177.7270010669699,23.285823268223435,60.73046853704084,68.05837053783165,113.65063215474076,119.42606434820195,3.4757393889802746,0.33544238865178594,5.472854017594747,0.34182701831408635,8.538112432236185,0.3481360786666151,11.427608229779324,0.352299594097989,17.566104547711976,0.3584803915548339,23.285823268223435,0.36255760005408805,46.360230266772255,0.37259764284448854,90.28308124231891,0.3824175266697135,172.15983617729262,0.3920161185028108,221.61603442909697,0.3957935208727366
15.589999999999977,24.34677612800007,29.38515479194662,179.33483138428818,22.89590775048751,60.74108233792597,68.09392476063127,113.66521466501733,119.45657734334054,3.356878238899771,0.33544238865178594,5.308348985088605,0.34182701831408635,8.316228214454101,0.3481360786666151,11.161223299092384,0.352299594097989,17.226204677028587,0.3584803915548339,22.89590775048751,0.36255760005408805,45.88023526938207,0.37259764284448854,89.9101764718417,0.3824175266697135,172.4923208043847,0.3920161185028108,222.57165585852493,0.3957935208727366
15.599999999999977,24.578770779364746,30.130103286458954,180.93273763186573,22.51252127444438,60.751810576011216,68.12946712675101,113.67994280624578,119.48711749714838,3.242210062317521,0.33544238865178594,5.148943726575348,0.34182701831408635,8.100279169774028,0.3481360786666151,10.901209278343037,0.352299594097989,16.892980759750206,0.3584803915548339,22.51252127444438,0.36255760005408805,45.404560258206516,0.37259764284448854,89.53629120119075,0.3824175266697135,172.81826596675356,0.3920161185028108,223.52093775957547,0.3957935208727366
15.609999999999976,24.81023332553939,30.87326619308528,182.52048064207952,22.135554512859244,60.76266382446674,68.1650045635674,113.69482975057407,119.51770034846999,3.1315872044680173,0.33544238865178594,4.994481096164738,0.34182701831408635,7.890108252207468,0.3481360786666151,10.647415855207498,0.352299594097989,16.566303307535268,0.3584803915548339,22.135554512859244,0.36255760005408805,44.93315068122541,0.37259764284448854,89.16135952656192,0.3824175266697135,173.13737139715423,0.3920161185028108,224.4633833041943,0.3957935208727366
15.619999999999976,25.041145351932908,31.614581717895746,184.09785280028524,21.76489996915533,60.773652615207716,68.20054388656456,113.70988817513526,119.54834022724124,3.024867017768691,0.33544238865178594,4.844808557641396,0.34182701831408635,7.685562322914816,0.3481360786666151,10.39969603263033,0.352299594097989,16.24604520954612,0.3584803915548339,21.76489996915533,0.36255760005408805,44.46595334281272,0.37259764284448854,88.78531802146593,0.3824175266697135,173.44933848190803,0.3920161185028108,225.39849381208924,0.3957935208727366
15.629999999999976,25.271493872072572,32.3540062821228,185.66467558932484,21.40045194676024,60.7847839282744,68.23608865348103,113.72512686709779,119.57904750943742,2.9219105305350506,0.33544238865178594,4.699776624191176,0.34182701831408635,7.486490477184789,0.3481360786666151,10.157904536916211,0.352299594097989,15.93208074376747,0.3584803915548339,21.40045194676024,0.36255760005408805,44.002922781673114,0.37259764284448854,88.4081310718128,0.3824175266697135,173.7539439318827,0.3920161185028108,226.3258768438277,0.3957935208727366
15.639999999999976,25.501266644516612,33.0914988071028,187.22079730040952,21.042106518965515,60.7960640587341,68.27164175949314,113.74055440955412,119.60983243010553,2.8225835146115177,0.33544238865178594,4.559240208703085,0.34182701831408635,7.292745555804105,0.3481360786666151,9.921899273938674,0.352299594097989,15.62428646603262,0.3584803915548339,21.042106518965515,0.36255760005408805,43.54401522060813,0.37259764284448854,88.02976771874883,0.3824175266697135,174.05097459005958,0.3920161185028108,227.24515164482958,0.3957935208727366
15.649999999999975,25.730452225040505,33.82702088939775,188.76609090063909,20.68976149929025,60.807498749800175,68.30720486736763,113.75617856095317,119.64070359839522,2.7267563336070726,0.33544238865178594,4.423058503790826,0.34182701831408635,7.104184059238202,0.3481360786666151,9.691541264202742,0.352299594097989,15.322541169447991,0.3584803915548339,20.68976149929025,0.36255760005408805,43.08918856771131,0.37259764284448854,87.65020183667652,0.3824175266697135,174.3402283428299,0.3920161185028108,228.15595066313463,0.3957935208727366
15.659999999999975,25.9590423698542,34.56054486528263,190.30045204764892,20.343316412341682,60.819091889345614,68.34277882375189,113.77200505466168,119.67166834975936,2.6343033188697094,0.33544238865178594,4.291094273693523,0.34182701831408635,6.920665403194741,0.3481360786666151,9.46669393830371,0.352299594097989,15.026725441781915,0.3584803915548339,20.343316412341682,0.36255760005408805,42.63840520849967,0.37259764284448854,87.2694235529507,0.3824175266697135,174.62154825713088,0.3920161185028108,229.05797016757506,0.3957935208727366
15.669999999999975,26.18702840697058,35.292041634129546,191.82379724250964,20.002672465163307,60.83084719341101,68.37836395174712,113.78803954790341,119.70273367673904,2.5451034294590387,0.33544238865178594,4.163214727606751,0.34182701831408635,6.742052930639256,0.3481360786666151,9.24722413058589,0.352299594097989,14.736722284749138,0.3584803915548339,20.002672465163307,0.36255760005408805,42.191627528473305,0.37259764284448854,86.88742163068666,0.3824175266697135,174.89477165887433,0.3920161185028108,229.95089562983438,0.3957935208727366
15.679999999999975,26.414405211704466,36.02149399900836,193.33606211202715,19.66773251906316,60.84276665125659,68.41395881172046,113.80428555723162,119.73390315488533,2.459039321306927,0.33544238865178594,4.039290426525237,0.34182701831408635,6.5682127342890775,0.3481360786666151,9.033000953346496,0.352299594097989,14.452416406403884,0.3584803915548339,19.66773251906316,0.36255760005408805,41.748822556132815,0.37259764284448854,86.50420236997248,0.3824175266697135,175.15978650261042,0.3920161185028108,230.83448528387228,0.3957935208727366
15.689999999999975,26.64116747547558,36.748884145891296,194.83719981244934,19.338401061913128,60.85485174075539,68.44956154677263,113.82074645292245,119.76518119116851,2.3759979866849714,0.33544238865178594,3.919196134635724,0.34182701831408635,6.399014650098603,0.3481360786666151,8.823896777106446,0.352299594097989,14.173694836960676,0.3584803915548339,19.338401061913128,0.36255760005408805,41.3099574423385,0.37259764284448854,86.1197716184294,0.3824175266697135,175.41647883980008,0.3920161185028108,231.70849285590245,0.3957935208727366
15.699999999999974,26.867312488001996,37.47420297987256,196.32717954652884,19.014584180912735,60.867102835176865,68.48516923360185,113.83742421484996,119.7965710701903,2.295870097244337,0.33544238865178594,3.8028100580368704,0.34182701831408635,6.234331444282689,0.3481360786666151,8.619786455366864,0.352299594097989,13.90044643927607,0.3584803915548339,19.014584180912735,0.36255760005408805,40.87500263572486,0.37259764284448854,85.73414786765157,0.3824175266697135,175.66477239523886,0.3920161185028108,232.5727265394602,0.3957935208727366
15.709999999999974,27.09283669275194,38.197438566281775,197.80598518676751,18.696189535809083,60.879520752363625,68.52078019157301,113.85432082321422,119.82807504507666,2.2185505170538136,0.33544238865178594,3.690014546012443,0.34182701831408635,6.074039648665785,0.3481360786666151,8.420548158438057,0.352299594097989,13.632562439950819,0.3584803915548339,18.696189535809083,0.36255760005408805,40.44392783986515,0.37259764284448854,85.3473458589945,0.3824175266697135,175.90457983051445,0.3920161185028108,233.4269768122435,0.3957935208727366
15.719999999999974,27.317737777174525,38.91858314488105,199.2736139976663,18.383126332564142,60.89210536011186,68.55639115696724,113.87143782695291,119.8596952163869,2.143937780389623,0.33544238865178594,3.580695494051602,0.34182701831408635,5.918018930484261,0.3481360786666151,8.226062775953022,0.352299594097989,13.369936052707182,0.3584803915548339,18.383126332564142,0.36255760005408805,40.01670439249554,0.37259764284448854,84.95938640749023,0.3824175266697135,176.13583248645537,0.3920161185028108,234.27106079601012,0.3957935208727366
15.729999999999974,27.54201431912396,39.63763194336909,200.73007545045965,18.07530529746466,60.90485591032717,68.59199805800745,113.88877579870497,119.89143303202054,2.0719340374973045,0.33544238865178594,3.4747423295741253,0.34182701831408635,5.766152116988349,0.3481360786666151,8.036213957601959,0.352299594097989,13.112462505889301,0.3584803915548339,18.07530529746466,0.36255760005408805,39.593304799217634,0.37259764284448854,84.5702946278016,0.3824175266697135,176.35847548241313,0.3920161185028108,235.10481522104305,0.3957935208727366
15.739999999999974,27.765669373760105,40.35459521396017,202.17539012401954,17.77263865166418,60.91776936772678,68.62759606497197,113.90633291874715,119.9232867677948,2.0024443831006864,0.33544238865178594,3.3720472063583777,0.34182701831408635,5.618324307680729,0.3481360786666151,7.850887250506123,0.352299594097989,12.8600384854632,0.3584803915548339,17.77263865166418,0.36255760005408805,39.17370659543038,0.37259764284448854,84.18011639080389,0.3824175266697135,176.57251907233305,0.3920161185028108,235.9281739386072,0.3957935208727366
15.749999999999973,27.988700064979202,41.06946330529942,203.60958868650528,17.475040086151843,60.93084608822701,68.66318226917068,113.92411076734392,119.9552589813938,1.9353783854321334,0.33544238865178594,3.272507011701957,0.34182701831408635,5.4744252252173,0.3481360786666151,7.669972442320066,0.352299594097989,12.612563652963933,0.3584803915548339,17.475040086151843,0.36255760005408805,38.7578808450565,0.37259764284448854,83.78887002468345,0.3824175266697135,176.77789013103902,0.3920161185028108,236.74094506163328,0.3957935208727366
15.759999999999973,28.211109798136675,41.78224764475404,205.0327109514675,17.182424737140487,60.94408287526903,68.69875185815243,113.9421067402918,119.98734741821201,1.8706480376882444,0.33544238865178594,3.1760207997721355,0.34182701831408635,5.334346301621699,0.3481360786666151,7.493360695395475,0.352299594097989,12.369938794987398,0.3584803915548339,17.182424737140487,0.36255760005408805,38.34580553487949,0.37259764284448854,83.39660278753064,0.3824175266697135,176.974606577262,0.3920161185028108,237.54307318472587,0.3957935208727366
15.769999999999973,28.4328988828241,42.49294927122191,206.4448050042261,16.894709161866633,60.95747814102219,68.73430032346482,113.96032054051037,120.01955192719886,1.808169090271484,0.33544238865178594,3.0824915488367073,0.34182701831408635,5.197982745485002,0.3481360786666151,7.3209466126332945,0.352299594097989,12.132067165934563,0.3584803915548339,16.894709161866633,0.36255760005408805,37.937455301993545,0.37259764284448854,83.0033475139827,0.3824175266697135,177.1626434377435,0.3920161185028108,238.33443803516738,0.3957935208727366
15.779999999999973,28.654070455284476,43.201578709008395,207.84592639288533,16.611811314796025,60.97102863978623,68.76982269770429,113.9787499547497,120.05187102997249,1.747860050863865,0.33544238865178594,2.9918249233412872,0.34182701831408635,5.065232146475937,0.3481360786666151,7.152626867567659,0.352299594097989,11.8988535997161,0.3584803915548339,16.611811314796025,0.36255760005408805,37.53280780688645,0.37259764284448854,82.60914976744212,0.3824175266697135,177.34201760189995,0.3920161185028108,239.11498242985678,0.3957935208727366
15.789999999999973,28.874625536303675,43.90813938356948,209.23613738009232,16.333650524226975,60.984732740620125,68.80531518778136,113.99739389856937,120.08430425689545,1.6896427706422172,0.33544238865178594,2.903930080757412,0.34182701831408635,4.9359954542980375,0.3481360786666151,6.988301197997367,0.352299594097989,11.670205164179812,0.3584803915548339,16.333650524226975,0.36255760005408805,37.13183846314217,0.37259764284448854,82.21404525314937,0.3824175266697135,177.51271702660938,0.3920161185028108,239.88460525433877,0.3957935208727366
15.799999999999972,29.094569246129197,44.612648476943704,210.61550625084544,16.060147469286076,60.99858632260929,68.84077198681263,114.01624930341993,120.11684882013569,1.6334414965331665,0.33544238865178594,2.8187184833899663,0.34182701831408635,4.810175622789053,0.3481360786666151,6.827871064370823,0.352299594097989,11.4460302813013,0.3584803915548339,16.060147469286076,0.36255760005408805,36.73452692038784,0.37259764284448854,81.81808792113601,0.3824175266697135,177.67478994327783,0.3920161185028108,240.6432970303656,0.3957935208727366
